NAME,POSITION,TEAM,SALARY
LeBron James, SF,Cleveland Cavaliers,"$30,963,450.00 "
Mike Conley, PG,Memphis Grizzlies,"$26,540,100.00 "
Al Horford, C,Boston Celtics,"$26,540,100.00 "
Dirk Nowitzki, PF,Dallas Mavericks,"$25,000,000.00 "
Carmelo Anthony, SF,New York Knicks,"$24,559,380.00 "
Damian Lillard, PG,Portland Trail Blazers,"$24,328,425.00 "
Chris Bosh, PF,Miami Heat,"$23,741,060.00 "
Dwyane Wade, SG,Chicago Bulls,"$23,200,000.00 "
Dwight Howard, C,Atlanta Hawks,"$23,180,275.00 "
Chris Paul, PG,LA Clippers,"$22,868,827.00 "
Chandler Parsons, SF,Memphis Grizzlies,"$22,116,750.00 "
Bradley Beal, SG,Washington Wizards,"$22,116,750.00 "
Anthony Davis, PF,New Orleans Pelicans,"$22,116,750.00 "
Derrick Rose, PG,New York Knicks,"$21,323,252.00 "
Marc Gasol, C,Memphis Grizzlies,"$21,165,675.00 "
Brook Lopez, C,Brooklyn Nets,"$21,165,675.00 "
Kevin Love, PF,Cleveland Cavaliers,"$21,165,675.00 "
Nicolas Batum, SG,Charlotte Hornets,"$20,869,566.00 "
LaMarcus Aldridge, PF,San Antonio Spurs,"$20,575,005.00 "
Blake Griffin, PF,LA Clippers,"$20,140,839.00 "
Paul Millsap, PF,Atlanta Hawks,"$20,072,033.00 "
Ryan Anderson, PF,Houston Rockets,"$18,735,364.00 "
Allen Crabbe, SG,Portland Trail Blazers,"$18,500,000.00 "
Paul George, SF,Indiana Pacers,"$18,314,532.00 "
Luol Deng, SF,Los Angeles Lakers,"$18,000,000.00 "
Kawhi Leonard, SF,San Antonio Spurs,"$17,638,063.00 "
Kyrie Irving, PG,Cleveland Cavaliers,"$17,638,063.00 "
Jimmy Butler, SG,Chicago Bulls,"$17,552,209.00 "
Tobias Harris, SF,Detroit Pistons,"$17,200,000.00 "
Enes Kanter, C,Oklahoma City Thunder,"$17,145,838.00 "
Greg Monroe, C,Milwaukee Bucks,"$17,145,838.00 "
Wesley Matthews, SG,Dallas Mavericks,"$17,145,838.00 "
Bismack Biyombo, C,Orlando Magic,"$17,000,000.00 "
Evan Fournier, SG,Orlando Magic,"$17,000,000.00 "
Joakim Noah, C,New York Knicks,"$17,000,000.00 "
John Wall, PG,Washington Wizards,"$16,957,900.00 "
DeMarcus Cousins, C,Sacramento Kings,"$16,957,900.00 "
Klay Thompson, SG,Golden State Warriors,"$16,663,575.00 "
Evan Turner, SG,Portland Trail Blazers,"$16,393,443.00 "
Gordon Hayward, SF,Utah Jazz,"$16,073,140.00 "
Timofey Mozgov, C,Los Angeles Lakers,"$16,000,000.00 "
Ian Mahinmi, C,Washington Wizards,"$15,944,154.00 "
Goran Dragic, PG,Miami Heat,"$15,891,725.00 "
Kent Bazemore, SF,Atlanta Hawks,"$15,730,338.00 "
Pau Gasol, C,San Antonio Spurs,"$15,500,000.00 "
Draymond Green, PF,Golden State Warriors,"$15,330,435.00 "
Tristan Thompson, C,Cleveland Cavaliers,"$15,330,435.00 "
Khris Middleton, SG,Milwaukee Bucks,"$15,200,000.00 "
Danilo Gallinari, SF,Denver Nuggets,"$15,050,000.00 "
Jeff Green, SF,Orlando Magic,"$15,000,000.00 "
Reggie Jackson, PG,Detroit Pistons,"$14,956,522.00 "
Tony Parker, PG,San Antonio Spurs,"$14,445,313.00 "
Jonas Valanciunas, C,Toronto Raptors,"$14,382,023.00 "
DeMarre Carroll, SF,Toronto Raptors,"$14,200,000.00 "
Thaddeus Young, PF,Indiana Pacers,"$14,153,652.00 "
Manu Ginobili, SG,San Antonio Spurs,"$14,000,000.00 "
Eric Bledsoe, PG,Phoenix Suns,"$14,000,000.00 "
Rajon Rondo, PG,Chicago Bulls,"$14,000,000.00 "
Ricky Rubio, PG,Minnesota Timberwolves,"$13,550,000.00 "
Rudy Gay, SF,Sacramento Kings,"$13,333,333.00 "
Jamal Crawford, SG,LA Clippers,"$13,253,012.00 "
Robin Lopez, C,Chicago Bulls,"$13,219,250.00 "
Michael Kidd-Gilchrist, SF,Charlotte Hornets,"$13,000,000.00 "
JR Smith, SG,Cleveland Cavaliers,"$12,800,000.00 "
Brandon Knight, PG,Phoenix Suns,"$12,606,250.00 "
John Henson, PF,Milwaukee Bucks,"$12,517,606.00 "
Jordan Clarkson, PG,Los Angeles Lakers,"$12,500,000.00 "
Arron Afflalo, SG,Sacramento Kings,"$12,500,000.00 "
Miles Plumlee, C,Charlotte Hornets,"$12,500,000.00 "
Tyson Chandler, C,Phoenix Suns,"$12,415,000.00 "
Eric Gordon, SG,Houston Rockets,"$12,385,364.00 "
Marvin Williams, PF,Charlotte Hornets,"$12,250,000.00 "
Serge Ibaka, PF,Toronto Raptors,"$12,250,000.00 "
Stephen Curry, PG,Golden State Warriors,"$12,112,359.00 "
Nikola Pekovic, C,Minnesota Timberwolves,"$12,100,000.00 "
Kenneth Faried, PF,Denver Nuggets,"$12,078,652.00 "
Marcin Gortat, C,Washington Wizards,"$12,000,000.00 "
Kemba Walker, PG,Charlotte Hornets,"$12,000,000.00 "
Amir Johnson, PF,Boston Celtics,"$12,000,000.00 "
Nikola Vucevic, C,Orlando Magic,"$11,750,000.00 "
Jeremy Lin, PG,Brooklyn Nets,"$11,483,254.00 "
Jrue Holiday, PG,New Orleans Pelicans,"$11,286,518.00 "
Courtney Lee, SG,New York Knicks,"$11,242,000.00 "
Solomon Hill, SF,New Orleans Pelicans,"$11,241,218.00 "
Wilson Chandler, SF,Denver Nuggets,"$11,233,146.00 "
Andre Iguodala, SF,Golden State Warriors,"$11,131,368.00 "
Derrick Favors, PF,Utah Jazz,"$11,050,000.00 "
Joe Johnson, SF,Utah Jazz,"$11,000,000.00 "
Austin Rivers, PG,LA Clippers,"$11,000,000.00 "
Jon Leuer, PF,Detroit Pistons,"$10,991,957.00 "
Monta Ellis, SG,Indiana Pacers,"$10,763,500.00 "
Mirza Teletovic, PF,Milwaukee Bucks,"$10,500,000.00 "
Jared Dudley, SF,Phoenix Suns,"$10,470,000.00 "
Zach Randolph, PF,Memphis Grizzlies,"$10,361,445.00 "
Al Jefferson, C,Indiana Pacers,"$10,314,532.00 "
Tyreke Evans, SG,Sacramento Kings,"$10,203,755.00 "
Alec Burks, SG,Utah Jazz,"$10,154,495.00 "
Danny Green, SG,San Antonio Spurs,"$10,000,000.00 "
Terrence Ross, SF,Toronto Raptors,"$10,000,000.00 "
Omer Asik, C,New Orleans Pelicans,"$9,904,494.00 "
Iman Shumpert, SG,Cleveland Cavaliers,"$9,662,922.00 "
Matthew Dellavedova, PG,Milwaukee Bucks,"$9,607,500.00 "
Jerryd Bayless, PG,Philadelphia 76ers,"$9,424,084.00 "
Trevor Booker, PF,Brooklyn Nets,"$9,250,000.00 "
Meyers Leonard, PF,Portland Trail Blazers,"$9,213,483.00 "
Gerald Henderson, SG,Philadelphia 76ers,"$9,000,000.00 "
Maurice Harkless, SF,Portland Trail Blazers,"$8,988,765.00 "
Taj Gibson, PF,Oklahoma City Thunder,"$8,950,000.00 "
Jeff Teague, PG,Indiana Pacers,"$8,800,000.00 "
Tiago Splitter, C,Philadelphia 76ers,"$8,550,000.00 "
Ersan Ilyasova, PF,Oklahoma City Thunder,"$8,400,000.00 "
Dwight Powell, PF,Dallas Mavericks,"$8,375,000.00 "
Avery Bradley, PG,Boston Celtics,"$8,269,663.00 "
E'Twaun Moore, SG,New Orleans Pelicans,"$8,081,363.00 "
Darrell Arthur, PF,Denver Nuggets,"$8,070,175.00 "
Kosta Koufos, C,Sacramento Kings,"$8,046,500.00 "
George Hill, PG,Utah Jazz,"$8,000,000.00 "
Garrett Temple, SG,Sacramento Kings,"$8,000,000.00 "
Sergio Rodriguez, PG,Philadelphia 76ers,"$8,000,000.00 "
Tyler Zeller, C,Boston Celtics,"$8,000,000.00 "
Trevor Ariza, SF,Houston Rockets,"$7,806,971.00 "
Channing Frye, PF,Cleveland Cavaliers,"$7,806,971.00 "
Al-Farouq Aminu, SF,Portland Trail Blazers,"$7,680,965.00 "
Cole Aldrich, C,Minnesota Timberwolves,"$7,643,979.00 "
Corey Brewer, SG,Los Angeles Lakers,"$7,612,172.00 "
Markieff Morris, PF,Washington Wizards,"$7,400,000.00 "
Festus Ezeli, C,Portland Trail Blazers,"$7,400,000.00 "
JJ Redick, SG,LA Clippers,"$7,377,500.00 "
Cory Joseph, PG,Toronto Raptors,"$7,315,000.00 "
D.J. Augustin, PG,Orlando Magic,"$7,250,000.00 "
Boris Diaw, C,Utah Jazz,"$7,000,000.00 "
Rodney Stuckey, PG,Indiana Pacers,"$7,000,000.00 "
Boban Marjanovic, C,Detroit Pistons,"$7,000,000.00 "
Ed Davis, PF,Portland Trail Blazers,"$6,666,667.00 "
Isaiah Thomas, PG,Boston Celtics,"$6,587,132.00 "
Victor Oladipo, SG,Oklahoma City Thunder,"$6,552,961.00 "
Jodie Meeks, SG,Orlando Magic,"$6,540,000.00 "
Jeremy Lamb, SG,Charlotte Hornets,"$6,511,628.00 "
Carl Landry, PF,Philadelphia 76ers,"$6,500,000.00 "
Aron Baynes, C,Detroit Pistons,"$6,500,000.00 "
Tim Duncan, C,San Antonio Spurs,"$6,393,750.00 "
Spencer Hawes, PF,Charlotte Hornets,"$6,348,759.00 "
Marco Belinelli, SG,Charlotte Hornets,"$6,333,333.00 "
Jae Crowder, SF,Boston Celtics,"$6,286,408.00 "
Lance Thomas, SF,New York Knicks,"$6,191,000.00 "
Tarik Black, C,Los Angeles Lakers,"$6,191,000.00 "
Andrew Nicholson, PF,Washington Wizards,"$6,088,993.00 "
Patrick Patterson, PF,Toronto Raptors,"$6,050,000.00 "
Andrew Wiggins, SG,Minnesota Timberwolves,"$6,006,600.00 "
Ramon Sessions, PG,Charlotte Hornets,"$6,000,000.00 "
Wayne Ellington, SG,Miami Heat,"$6,000,000.00 "
Ish Smith, PG,Detroit Pistons,"$6,000,000.00 "
Alex Abrines, SG,Oklahoma City Thunder,"$5,994,764.00 "
Karl-Anthony Towns, C,Minnesota Timberwolves,"$5,960,160.00 "
Ben Simmons, F,Philadelphia 76ers,"$5,903,160.00 "
Otto Porter Jr., SF,Washington Wizards,"$5,893,981.00 "
Shaun Livingston, PG,Golden State Warriors,"$5,782,450.00 "
Josh McRoberts, PF,Miami Heat,"$5,782,450.00 "
Nikola Mirotic, PF,Chicago Bulls,"$5,782,450.00 "
Brandan Wright, PF,Memphis Grizzlies,"$5,709,880.00 "
Tyler Johnson, SG,Miami Heat,"$5,628,000.00 "
Jared Sullinger, C,Toronto Raptors,"$5,628,000.00 "
Wesley Johnson, SF,LA Clippers,"$5,628,000.00 "
Tony Allen, SG,Memphis Grizzlies,"$5,505,618.00 "
Luis Scola, PF,Brooklyn Nets,"$5,500,000.00 "
Nick Young, SG,Los Angeles Lakers,"$5,443,918.00 "
Jabari Parker, PF,Milwaukee Bucks,"$5,374,320.00 "
D'Angelo Russell, PG,Los Angeles Lakers,"$5,332,800.00 "
Cody Zeller, C,Charlotte Hornets,"$5,318,313.00 "
PJ Tucker, SF,Toronto Raptors,"$5,300,000.00 "
Brandon Ingram, F,Los Angeles Lakers,"$5,281,680.00 "
Kyle Korver, SG,Cleveland Cavaliers,"$5,239,437.00 "
Darren Collison, PG,Sacramento Kings,"$5,229,454.00 "
Langston Galloway, SG,Sacramento Kings,"$5,200,000.00 "
Brandon Jennings, PG,Washington Wizards,"$5,000,000.00 "
Jason Smith, PF,Washington Wizards,"$5,000,000.00 "
Jonas Jerebko, PF,Boston Celtics,"$5,000,000.00 "
Roy Hibbert, C,Charlotte Hornets,"$5,000,000.00 "
Kyle Singler, SF,Oklahoma City Thunder,"$4,837,500.00 "
Mike Dunleavy, SG,Cleveland Cavaliers,"$4,837,500.00 "
Joel Embiid, C,Philadelphia 76ers,"$4,826,160.00 "
Alex Len, C,Phoenix Suns,"$4,823,621.00 "
Jahlil Okafor, C,Philadelphia 76ers,"$4,788,840.00 "
Jaylen Brown, F,Boston Celtics,"$4,743,000.00 "
Alexis Ajinca, C,New Orleans Pelicans,"$4,638,203.00 "
Marcus Morris, PF,Detroit Pistons,"$4,625,000.00 "
CJ Miles, SF,Indiana Pacers,"$4,583,450.00 "
Jameer Nelson, PG,Denver Nuggets,"$4,540,525.00 "
Nerlens Noel, PF,Philadelphia 76ers,"$4,384,490.00 "
Aaron Gordon, PF,Orlando Magic,"$4,351,320.00 "
Greivis Vasquez, PG,Brooklyn Nets,"$4,347,826.00 "
Kristaps Porzingis, PF,New York Knicks,"$4,317,720.00 "
Dragan Bender, PF,Phoenix Suns,"$4,276,320.00 "
Vince Carter, SG,Memphis Grizzlies,"$4,264,057.00 "
Devin Harris, PG,Dallas Mavericks,"$4,227,996.00 "
J.J. Barea, PG,Dallas Mavericks,"$4,096,950.00 "
Ben McLemore, SG,Sacramento Kings,"$4,008,882.00 "
Udonis Haslem, PF,Miami Heat,"$4,000,000.00 "
James Johnson, PF,Miami Heat,"$4,000,000.00 "
Leandro Barbosa, SG,Phoenix Suns,"$4,000,000.00 "
Jordan Hill, C,Minnesota Timberwolves,"$4,000,000.00 "
Kris Humphries, PF,Atlanta Hawks,"$4,000,000.00 "
Dante Exum, PG,Utah Jazz,"$3,940,320.00 "
Kyle O'Quinn, C,New York Knicks,"$3,918,750.00 "
Mario Hezonja, SG,Orlando Magic,"$3,909,840.00 "
Kris Dunn, PG,Minnesota Timberwolves,"$3,872,520.00 "
Thabo Sefolosha, SF,Atlanta Hawks,"$3,850,000.00 "
Nemanja Bjelica, PF,Minnesota Timberwolves,"$3,800,000.00 "
Nick Collison, PF,Oklahoma City Thunder,"$3,750,000.00 "
Bojan Bogdanovic, SG,Washington Wizards,"$3,730,653.00 "
Kentavious Caldwell-Pope, SG,Detroit Pistons,"$3,678,319.00 "
Quincy Pondexter, SG,New Orleans Pelicans,"$3,617,978.00 "
Patty Mills, PG,San Antonio Spurs,"$3,578,948.00 "
Marcus Smart, PG,Boston Celtics,"$3,578,880.00 "
Willie Cauley-Stein, C,Sacramento Kings,"$3,551,160.00 "
Drew Gooden, PF,Washington Wizards,"$3,547,000.00 "
Will Barton, SG,Denver Nuggets,"$3,533,333.00 "
Paul Pierce, SF,LA Clippers,"$3,527,920.00 "
Buddy Hield, SG,Sacramento Kings,"$3,517,200.00 "
Brandon Rush, SG,Minnesota Timberwolves,"$3,500,000.00 "
Mike Miller, SG,Denver Nuggets,"$3,500,000.00 "
Anthony Morrow, SG,Oklahoma City Thunder,"$3,488,000.00 "
Trey Burke, PG,Washington Wizards,"$3,386,598.00 "
Mike Scott, PF,Atlanta Hawks,"$3,333,334.00 "
KJ McDaniels, SG,Brooklyn Nets,"$3,333,333.00 "
Troy Daniels, SG,Memphis Grizzlies,"$3,332,940.00 "
Julius Randle, PF,Los Angeles Lakers,"$3,267,120.00 "
Emmanuel Mudiay, PG,Denver Nuggets,"$3,241,800.00 "
CJ McCollum, SG,Portland Trail Blazers,"$3,219,579.00 "
Jamal Murray, G,Denver Nuggets,"$3,210,840.00 "
Michael Carter-Williams, PG,Chicago Bulls,"$3,183,526.00 "
Steven Adams, C,Oklahoma City Thunder,"$3,140,517.00 "
Kelly Olynyk, C,Boston Celtics,"$3,094,014.00 "
Shabazz Muhammad, SF,Minnesota Timberwolves,"$3,046,299.00 "
Justin Hamilton, C,Brooklyn Nets,"$3,000,000.00 "
Tibor Pleiss, C,Philadelphia 76ers,"$3,000,000.00 "
Giannis Antetokounmpo, SF,Milwaukee Bucks,"$2,995,421.00 "
Nik Stauskas, SG,Philadelphia 76ers,"$2,993,040.00 "
Dante Cunningham, PF,New Orleans Pelicans,"$2,978,250.00 "
Stanley Johnson, SF,Detroit Pistons,"$2,969,880.00 "
Marquese Chriss, F,Phoenix Suns,"$2,941,440.00 "
Dion Waiters, SG,Miami Heat,"$2,898,000.00 "
James Ennis III, SF,Memphis Grizzlies,"$2,898,000.00 "
Nene Hilario, C,Houston Rockets,"$2,898,000.00 "
Mindaugas Kuzminskas, F,New York Knicks,"$2,898,000.00 "
Dewayne Dedmon, C,San Antonio Spurs,"$2,898,000.00 "
Tomas Satoransky, SG,Washington Wizards,"$2,870,813.00 "
Noah Vonleh, PF,Portland Trail Blazers,"$2,751,360.00 "
Frank Kaminsky, C,Charlotte Hornets,"$2,730,000.00 "
Dennis Schroder, PG,Atlanta Hawks,"$2,708,582.00 "
Jakob Poeltl, C,Toronto Raptors,"$2,703,960.00 "
Aaron Brooks, PG,Indiana Pacers,"$2,700,000.00 "
Elfrid Payton, PG,Orlando Magic,"$2,613,600.00 "
Justise Winslow, SF,Miami Heat,"$2,593,440.00 "
Thon Maker, PF,Milwaukee Bucks,"$2,568,600.00 "
Randy Foye, SG,Brooklyn Nets,"$2,500,000.00 "
Malcolm Delaney, G,Atlanta Hawks,"$2,500,000.00 "
Doug McDermott, SF,Oklahoma City Thunder,"$2,483,040.00 "
Myles Turner, C,Indiana Pacers,"$2,463,840.00 "
Domantas Sabonis, PF,Oklahoma City Thunder,"$2,440,200.00 "
Shelvin Mack, PG,Utah Jazz,"$2,433,334.00 "
Tony Snell, SF,Milwaukee Bucks,"$2,368,327.00 "
Gorgui Dieng, PF,Minnesota Timberwolves,"$2,348,783.00 "
Trey Lyles, PF,Utah Jazz,"$2,340,600.00 "
Mason Plumlee, C,Portland Trail Blazers,"$2,328,530.00 "
Dario Saric, SF,Philadelphia 76ers,"$2,318,280.00 "
Taurean Prince, SF,Atlanta Hawks,"$2,318,280.00 "
Tim Hardaway Jr., SG,Atlanta Hawks,"$2,281,605.00 "
Reggie Bullock, SF,Detroit Pistons,"$2,255,644.00 "
Zach LaVine, PG,Minnesota Timberwolves,"$2,240,880.00 "
Devin Booker, SG,Phoenix Suns,"$2,223,600.00 "
Luc Mbah a Moute, PF,LA Clippers,"$2,203,000.00 "
Georgios Papagiannis, C,Sacramento Kings,"$2,202,240.00 "
Mo Williams, PG,Denver Nuggets,"$2,194,500.00 "
Andre Roberson, SG,Oklahoma City Thunder,"$2,183,072.00 "
Joe Ingles, SF,Utah Jazz,"$2,150,000.00 "
TJ Warren, SF,Phoenix Suns,"$2,128,920.00 "
Rudy Gobert, C,Utah Jazz,"$2,121,288.00 "
Cameron Payne, PG,Oklahoma City Thunder,"$2,112,480.00 "
Denzel Valentine, SG,Chicago Bulls,"$2,092,200.00 "
Tim Frazier, PG,New Orleans Pelicans,"$2,090,000.00 "
Kendall Marshall, PG,Utah Jazz,"$2,048,257.00 "
Adreian Payne, PF,Minnesota Timberwolves,"$2,022,240.00 "
Kelly Oubre Jr., SF,Washington Wizards,"$2,006,640.00 "
Juan Hernangomez, PF,Denver Nuggets,"$1,987,440.00 "
Lucas Nogueira, C,Toronto Raptors,"$1,921,320.00 "
Jusuf Nurkic, C,Portland Trail Blazers,"$1,921,320.00 "
Terry Rozier, PG,Boston Celtics,"$1,906,440.00 "
James Young, SG,Boston Celtics,"$1,825,200.00 "
Rashad Vaughn, SG,Milwaukee Bucks,"$1,811,040.00 "
Kevin Seraphin, C,Indiana Pacers,"$1,800,000.00 "
Wade Baldwin IV, PG,Memphis Grizzlies,"$1,793,760.00 "
Quincy Acy, SF,Brooklyn Nets,"$1,790,092.00 "
Tyler Ennis, PG,Los Angeles Lakers,"$1,733,880.00 "
Sam Dekker, SF,Houston Rockets,"$1,720,560.00 "
Joffrey Lauvergne, C,Oklahoma City Thunder,"$1,709,719.00 "
Henry Ellenson, F,Detroit Pistons,"$1,704,120.00 "
Gary Harris, SG,Denver Nuggets,"$1,655,880.00 "
Jerian Grant, PG,Chicago Bulls,"$1,643,040.00 "
Malik Beasley, SG,Denver Nuggets,"$1,627,320.00 "
Bruno Caboclo, SF,Toronto Raptors,"$1,589,640.00 "
Delon Wright, PG,Toronto Raptors,"$1,577,280.00 "
Caris LeVert, SG,Brooklyn Nets,"$1,562,280.00 "
David Lee, PF,San Antonio Spurs,"$1,551,659.00 "
Caron Butler, SF,Sacramento Kings,"$1,551,659.00 "
Mitch McGary, PF,Oklahoma City Thunder,"$1,526,040.00 "
Justin Anderson, SG,Philadelphia 76ers,"$1,514,160.00 "
Marcelo Huertas, PG,Los Angeles Lakers,"$1,500,000.00 "
DeAndre' Bembry, SF,Atlanta Hawks,"$1,499,760.00 "
Jordan Adams, SG,Memphis Grizzlies,"$1,465,080.00 "
Bobby Portis, PF,Chicago Bulls,"$1,453,680.00 "
Demetrius Jackson, G,Boston Celtics,"$1,450,000.00 "
Malachi Richardson, SG,Sacramento Kings,"$1,439,800.00 "
Rodney Hood, SG,Utah Jazz,"$1,406,520.00 "
Marreese Speights, C,LA Clippers,"$1,403,611.00 "
Michael Beasley, SF,Milwaukee Bucks,"$1,403,611.00 "
JaVale McGee, C,Golden State Warriors,"$1,403,611.00 "
Rondae Hollis-Jefferson, SG,Brooklyn Nets,"$1,395,600.00 "
Deyonta Davis, F,Memphis Grizzlies,"$1,369,299.00 "
Nikola Jokic, C,Denver Nuggets,"$1,358,500.00 "
DeAndre Liggins, SG,LA Clippers,"$1,577,230.00 "
Archie Goodwin, SG,Brooklyn Nets,"$1,577,230.00 "
Ryan Kelly, PF,Atlanta Hawks,"$1,577,230.00 "
Troy Williams, SF,Houston Rockets,"$1,575,133.00 "
DeAndre' Bembry, SF,Atlanta Hawks,"$1,567,200.00 "
Caron Butler, SF,Sacramento Kings,"$1,551,659.00 "
Mitch McGary, PF,Oklahoma City Thunder,"$1,526,040.00 "
Sean Kilpatrick, SG,Brooklyn Nets,"$1,524,305.00 "
Johnny O'Bryant III, PF,Charlotte Hornets,"$1,524,305.00 "
Joffrey Lauvergne, C,San Antonio Spurs,"$1,524,305.00 "
Glenn Robinson III, SG,Indiana Pacers,"$1,524,305.00 "
Bobby Portis, PF,Chicago Bulls,"$1,516,320.00 "
Malachi Richardson, SG,Sacramento Kings,"$1,504,560.00 "
Marcelo Huertas, PG,Houston Rockets,"$1,500,000.00 "
Jarell Martin, PF,Memphis Grizzlies,"$1,471,382.00 "
Mario Chalmers, PG,Memphis Grizzlies,"$1,471,382.00 "
Briante Weber, PG,Charlotte Hornets,"$1,471,382.00 "
Tyus Jones, PG,Minnesota Timberwolves,"$1,471,382.00 "
Rakeem Christmas, PF,Indiana Pacers,"$1,471,382.00 "
Josh Richardson, SG,Miami Heat,"$1,471,382.00 "
Pat Connaughton, SG,Portland Trail Blazers,"$1,471,382.00 "
Jordan Mickey, PF,Boston Celtics,"$1,471,382.00 "
Caleb Swanigan, PF,Portland Trail Blazers,"$1,465,920.00 "
Furkan Korkmaz, SG,Philadelphia 76ers,"$1,465,920.00 "
Jordan Adams, SG,Memphis Grizzlies,"$1,465,080.00 "
Willy Hernangomez, C,New York Knicks,"$1,435,750.00 "
Kyle Kuzma, PF,Los Angeles Lakers,"$1,423,560.00 "
Tony Bradley, C,Utah Jazz,"$1,414,920.00 "
Derrick White, PG,San Antonio Spurs,"$1,404,600.00 "
Josh Hart, SG,Los Angeles Lakers,"$1,394,520.00 "
Timothe Luwawu-Cabarrot, SG,Philadelphia 76ers,"$1,386,600.00 "
Demetrius Jackson, G,Boston Celtics,"$1,384,750.00 "
Guillermo Hernangomez, C,New York Knicks,"$1,350,000.00 "
Sasha Kaun, C,Philadelphia 76ers,"$1,333,240.00 "
Brice Johnson, F,LA Clippers,"$1,331,160.00 "
Andrew Harrison, PG,Memphis Grizzlies,"$1,312,611.00 "
Wayne Selden, G,Memphis Grizzlies,"$1,312,611.00 "
Deyonta Davis, F,Memphis Grizzlies,"$1,312,611.00 "
Fred VanVleet, PG,Toronto Raptors,"$1,312,611.00 "
Treveon Graham, SG,Charlotte Hornets,"$1,312,611.00 "
Dejounte Murray, G,San Antonio Spurs,"$1,312,611.00 "
Bryn Forbes, SG,San Antonio Spurs,"$1,312,611.00 "
Jake Layman, F,Portland Trail Blazers,"$1,312,611.00 "
Chasson Randle, PG,New York Knicks,"$1,312,611.00 "
Marshall Plumlee, C,New York Knicks,"$1,312,611.00 "
Diamond Stone, C,Atlanta Hawks,"$1,312,611.00 "
Semi Ojeleye, PF,Boston Celtics,"$1,291,892.00 "
Jeremy Evans, SF,Indiana Pacers,"$1,227,286.00 "
CJ Wilcox, SG,Orlando Magic,"$1,209,600.00 "
Livio Jean-Charles, SF,San Antonio Spurs,"$1,188,840.00 "
Frank Mason III, PG,Sacramento Kings,"$1,184,385.00 "
Abdel Nader, SF,Boston Celtics,"$1,167,333.00 "
Tony Wroten, SG,Memphis Grizzlies,"$1,050,961.00 "
Chris Johnson, SF,Utah Jazz,"$1,050,961.00 "
John Jenkins, SG,Phoenix Suns,"$1,050,961.00 "
Andrew Goudelock, PG,Houston Rockets,"$1,015,696.00 "
Anthony Bennett, PF,Brooklyn Nets,"$1,015,696.00 "
Lorenzo Brown, PG,Detroit Pistons,"$1,015,696.00 "
Isaiah Canaan, PG,Chicago Bulls,"$1,015,696.00 "
JaKarr Sampson, SG,Memphis Grizzlies,"$980,431.00 "
Pablo Prigioni, PG,Houston Rockets,"$980,431.00 "
Marcus Thornton, SG,Brooklyn Nets,"$980,431.00 "
Devyn Marble, SF,LA Clippers,"$980,431.00 "
Henry Sims, C,Utah Jazz,"$980,431.00 "
John Lucas III, PG,Minnesota Timberwolves,"$980,431.00 "
Rasual Butler, SF,Minnesota Timberwolves,"$980,431.00 "
Jordan Farmar, PG,Sacramento Kings,"$980,431.00 "
Greg Stiemsma, C,Portland Trail Blazers,"$980,431.00 "
Lou Amundson, PF,New York Knicks,"$980,431.00 "
Robbie Hummel, SF,Denver Nuggets,"$980,431.00 "
Will Bynum, PG,Atlanta Hawks,"$980,431.00 "
Rade Zagorac, SG,Memphis Grizzlies,"$950,000.00 "
Ike Anigbogu, C,Indiana Pacers,"$950,000.00 "
Reggie Williams, SF,New Orleans Pelicans,"$895,197.00 "
D.J. Stephens, SG,Memphis Grizzlies,"$874,636.00 "
D.J. Kennedy, SG,Memphis Grizzlies,"$874,636.00 "
Cliff Alexander, PF,Orlando Magic,"$874,636.00 "
Nick Johnson, SG,Orlando Magic,"$874,636.00 "
Kevin Murphy, SG,Orlando Magic,"$874,636.00 "
Casper Ware, PG,Washington Wizards,"$874,636.00 "
J.J. O'Brien, SF,Milwaukee Bucks,"$874,636.00 "
Aaron Harrison, SG,Charlotte Hornets,"$874,636.00 "
Christian Wood, PF,Charlotte Hornets,"$874,636.00 "
Duje Dukan, PF,Sacramento Kings,"$874,636.00 "
Grant Jerrett, PF,Portland Trail Blazers,"$874,636.00 "
Travis Wear, SF,Los Angeles Lakers,"$874,636.00 "
John Holland, SG,Cleveland Cavaliers,"$874,636.00 "
R.J. Hunter, SG,Chicago Bulls,"$864,346.00 "
Cameron Oliver, PF,Houston Rockets,"$815,615.00 "
Zhou Qi, PF,Houston Rockets,"$815,615.00 "
Sterling Brown, G,Milwaukee Bucks,"$815,615.00 "
Dwayne Bacon, SG,Charlotte Hornets,"$815,615.00 "
Brandon Paul, SG,San Antonio Spurs,"$815,615.00 "
Davon Reed, SG,Phoenix Suns,"$815,615.00 "
Maximilian Kleber, F,Dallas Mavericks,"$815,615.00 "
Daniel Theis, PF,Boston Celtics,"$815,615.00 "
Tyler Dorsey, SG,Atlanta Hawks,"$815,615.00 "
Matt Costello, SF,San Antonio Spurs,"$543,471.00 "
Vince Hunter, SF,Memphis Grizzlies,"$543,471.00 "
Scott Wood, SG,Golden State Warriors,"$543,471.00 "
Egidijus Mockevicius, PF,Brooklyn Nets,"$543,471.00 "
Rasheed Sulaimon, G,Charlotte Hornets,"$543,471.00 "
Andrew Andrews, G,Charlotte Hornets,"$543,471.00 "
E.J. Singler, SF,Toronto Raptors,"$543,471.00 "
Drew Crawford, SG,Toronto Raptors,"$543,471.00 "
Isaiah Cousins, PG,Sacramento Kings,"$543,471.00 "
Julian Jacobs, PG,Los Angeles Lakers,"$543,471.00 "
J.P. Tokoto, SG,New York Knicks,"$543,471.00 "
Maurice Ndour, SF,New York Knicks,"$543,471.00 "
Thomas Walkup, SG,Chicago Bulls,"$543,471.00 "
Jalen Jones, SF,Boston Celtics,"$543,471.00 "
Richard Solomon, PF,Atlanta Hawks,"$543,471.00 "
Jonathan Gibson, PG,Dallas Mavericks,"$469,943.00 "
Toney Douglas, PG,Memphis Grizzlies,"$379,159.00 "
Lamar Patterson, SG,Atlanta Hawks,"$246,956.00 "
Andrew Bogut, C,Cleveland Cavaliers,"$242,224.00 "
Larry Sanders, PF,Cleveland Cavaliers,"$207,722.00 "
Ray McCallum, PG,Charlotte Hornets,"$121,112.00 "
Manny Harris, PG,Dallas Mavericks,"$115,344.00 "
Mike Tobey, C,Charlotte Hornets,"$67,135.00 "
Anthony Brown, SF,Orlando Magic,"$57,672.00 "
Justin Harper, PF,Philadelphia 76ers,"$57,672.00 "
Jarell Eddie, SG,Phoenix Suns,"$57,672.00 "
Alonzo Gee, SF,Denver Nuggets,"$57,672.00 "
Jarrett Jack, PG,New Orleans Pelicans,"$57,672.00 "
Pierre Jackson, PG,Dallas Mavericks,"$31,969.00 "